Postnr;By;Zone;IkkeLandfast;Latitude;Longitude
1000;"København K         ";København;0;55.68060200000000;12.57805900000000
1001;"København K         ";København;0;55.68162900000000;12.56915900000000
1002;"København K         ";København;0;55.68162900000000;12.56915900000000
1003;"København K         ";København;0;55.68162900000000;12.56915900000000
1004;"København K         ";København;0;55.68162900000000;12.56915900000000
1005;"København K         ";København;0;55.68162900000000;12.56915900000000
1006;"København K         ";København;0;55.68162900000000;12.56915900000000
1007;"København K         ";København;0;55.68162900000000;12.56915900000000
1008;"København K         ";København;0;55.68162900000000;12.56915900000000
1009;"København K         ";København;0;55.68162900000000;12.56915900000000
1010;"København K         ";København;0;55.68162900000000;12.56915900000000
1011;"København K         ";København;0;55.68162900000000;12.56915900000000
1012;"København K         ";København;0;55.68162900000000;12.56915900000000
1013;"København K         ";København;0;55.68162900000000;12.56915900000000
1014;"København K         ";København;0;55.68162900000000;12.56915900000000
1015;"København K         ";København;0;55.68162900000000;12.56915900000000
1016;"København K         ";København;0;55.68162900000000;12.56915900000000
1017;"København K         ";København;0;55.68162900000000;12.56915900000000
1018;"København K         ";København;0;55.68162900000000;12.56915900000000
1019;"København K         ";København;0;55.68162900000000;12.56915900000000
1020;"København K         ";København;0;55.68162900000000;12.56915900000000
1021;"København K         ";København;0;55.68162900000000;12.56915900000000
1022;"København K         ";København;0;55.68162900000000;12.56915900000000
1023;"København K         ";København;0;55.68162900000000;12.56915900000000
1024;"København K         ";København;0;55.68162900000000;12.56915900000000
1045;"København K         ";København;0;55.68162900000000;12.56915900000000
1050;"København K         ";København;0;55.68010600000000;12.58520300000000
1051;"København K         ";København;0;55.67966700000000;12.59038600000000
1052;"København K         ";København;0;55.67848500000000;12.59169600000000
1053;"København K         ";København;0;55.67793700000000;12.59078300000000
1054;"København K         ";København;0;55.67775400000000;12.58912900000000
1055;"København K         ";København;0;55.67836500000000;12.58738800000000
1056;"København K         ";København;0;55.67963500000000;12.58858700000000
1057;"København K         ";København;0;55.67836700000000;12.58959900000000
1058;"København K         ";København;0;55.67616600000000;12.58591200000000
1059;"København K         ";København;0;55.67696400000000;12.58661700000000
1060;"København K         ";København;0;55.67750800000000;12.58542200000000
1061;"København K         ";København;0;55.67725000000000;12.58147300000000
1062;"København K         ";København;0;55.67738000000000;12.58210400000000
1063;"København K         ";København;0;55.67804000000000;12.58443100000000
1064;"København K         ";København;0;55.67833000000000;12.58417900000000
1065;"København K         ";København;0;55.67807800000000;12.58130700000000
1066;"København K         ";København;0;55.67778300000000;12.58206000000000
1067;"København K         ";København;0;55.67835200000000;12.58187800000000
1068;"København K         ";København;0;55.67743400000000;12.58339200000000
1069;"København K         ";København;0;55.67836200000000;12.58332400000000
1070;"København K         ";København;0;55.67868900000000;12.58399100000000
1071;"København K         ";København;0;55.67821600000000;12.58375100000000
1072;"København K         ";København;0;55.67847000000000;12.58072900000000
1073;"København K         ";København;0;55.67882300000000;12.58037100000000
1074;"København K         ";København;0;55.67950100000000;12.58370900000000
1091;"København K         ";København;0;55.68162900000000;12.56915900000000
1092;"København K         ";København;0;55.67867100000000;12.58581100000000
1093;"København K         ";København;0;55.67867100000000;12.58581100000000
1094;"København K         ";København;0;55.68162900000000;12.56915900000000
1095;"København K         ";København;0;55.67875400000000;12.58482800000000
1097;"København K         ";København;0;55.68162900000000;12.56915900000000
1098;"København K         ";København;0;55.68815100000000;12.59771100000000
1099;"København K         ";København;0;55.68162900000000;12.56915900000000
1100;"København K         ";København;0;55.67992500000000;12.57992400000000
1101;"København K         ";København;0;55.68069200000000;12.58314600000000
1102;"København K         ";København;0;55.68084100000000;12.58305800000000
1103;"København K         ";København;0;55.68072200000000;12.58395200000000
1104;"København K         ";København;0;55.68122900000000;12.58403000000000
1105;"København K         ";København;0;55.68025600000000;12.58213600000000
1106;"København K         ";København;0;55.68042100000000;12.58146900000000
1107;"København K         ";København;0;55.68143100000000;12.58327800000000
1108;"København K         ";København;0;55.68162900000000;12.56915900000000
1109;"København K         ";København;0;55.68162900000000;12.56915900000000
1110;"København K         ";København;0;55.68188000000000;12.58248399999999
1111;"København K         ";København;0;55.68199600000000;12.58095200000000
1112;"København K         ";København;0;55.68104200000000;12.57977200000000
1113;"København K         ";København;0;55.67991300000000;12.57988500000000
1114;"København K         ";København;0;55.68062200000000;12.57903800000000
1115;"København K         ";København;0;55.68091600000000;12.57831100000000
1116;"København K         ";København;0;55.68207300000000;12.57983600000000
1117;"København K         ";København;0;55.68151900000000;12.58088200000000
1118;"København K         ";København;0;55.68109400000000;12.58069000000000
1119;"København K         ";København;0;55.68172000000000;12.57596100000000
1120;"København K         ";København;0;55.68234600000000;12.57879400000000
1121;"København K         ";København;0;55.68283600000000;12.57870800000000
1122;"København K         ";København;0;55.68258900000000;12.57960600000000
1123;"København K         ";København;0;55.68409000000000;12.57543700000000
1124;"København K         ";København;0;55.68301800000000;12.57699900000000
1125;"København K         ";København;0;55.68242800000000;12.57626700000000
1126;"København K         ";København;0;55.68232500000000;12.57498800000000
1127;"København K         ";København;0;55.68278100000000;12.57598500000000
1128;"København K         ";København;0;55.68281600000000;12.57474100000000
1129;"København K         ";København;0;55.68304700000000;12.57433200000000
1130;"København K         ";København;0;55.68348000000000;12.57413100000000
1131;"København K         ";København;0;55.68384600000000;12.57411500000000
1140;"København K         ";København;0;55.67615200000000;12.58022000000000
1145;"København K         ";København;0;55.68162900000000;12.56915900000000
1146;"København K         ";København;0;55.68162900000000;12.56915900000000
1147;"København K         ";København;0;55.67615200000000;12.58022000000000
1148;"København K         ";København;0;55.67615200000000;12.58022000000000
1149;"København K         ";København;0;55.68162900000000;12.56915900000000
1150;"København K         ";København;0;55.68044900000000;12.57845000000000
1151;"København K         ";København;0;55.68000200000000;12.57776100000000
1152;"København K         ";København;0;55.68032200000000;12.57700500000000
1153;"København K         ";København;0;55.67945500000000;12.57741800000000
1154;"København K         ";København;0;55.67978200000000;12.57609500000000
1155;"København K         ";København;0;55.68017000000000;12.57521000000000
1156;"København K         ";København;0;55.67948900000000;12.57532200000000
1157;"København K         ";København;0;55.67921000000000;12.57531500000000
1158;"København K         ";København;0;55.67884000000000;12.57338000000000
1159;"København K         ";København;0;55.67946700000000;12.57437800000000
1160;"København K         ";København;0;55.67794900000000;12.57758100000000
1161;"København K         ";København;0;55.67851800000000;12.57474800000000
1162;"København K         ";København;0;55.67910800000000;12.57393300000000
1163;"København K         ";København;0;55.67608800000000;12.56774800000000
1164;"København K         ";København;0;55.67843200000000;12.57392200000000
1165;"København K         ";København;0;55.68050300000000;12.57124000000000
1166;"København K         ";København;0;55.67911700000000;12.57291900000000
1167;"København K         ";København;0;55.67909400000000;12.57164700000000
1168;"København K         ";København;0;55.67962100000000;12.57238900000000
1169;"København K         ";København;0;55.68062800000000;12.57492400000000
1170;"København K         ";København;0;55.68017000000000;12.57415300000000
1171;"København K         ";København;0;55.68167200000000;12.57235100000000
1172;"København K         ";København;0;55.68090600000000;12.57341700000000
1173;"København K         ";København;0;55.68172000000000;12.57389900000000
1174;"København K         ";København;0;55.68231400000000;12.57248800000000
1175;"København K         ";København;0;55.68256000000000;12.57443500000000
1198;"København K         ";København;0;55.68162900000000;12.56915900000000
1199;"København K         ";København;0;55.68162900000000;12.56915900000000
1200;"København K         ";København;0;55.67804400000000;12.57973600000000
1201;"København K         ";København;0;55.67805400000000;12.57790100000000
1202;"København K         ";København;0;55.67763800000000;12.57876100000000
1203;"København K         ";København;0;55.67622000000000;12.57606500000000
1204;"København K         ";København;0;55.67638300000000;12.57551000000000
1205;"København K         ";København;0;55.67709300000000;12.57667900000000
1206;"København K         ";København;0;55.67759800000000;12.57705400000000
1207;"København K         ";København;0;55.67813800000000;12.57662100000000
1208;"København K         ";København;0;55.67711200000000;12.57546200000000
1209;"København K         ";København;0;55.67808800000000;12.57528700000000
1210;"København K         ";København;0;55.67744200000000;12.57498700000000
1211;"København K         ";København;0;55.67782500000000;12.57514600000000
1212;"København K         ";København;0;55.67688800000000;12.57791900000000
1213;"København K         ";København;0;55.67637200000000;12.57815300000000
1214;"København K         ";København;0;55.67448900000000;12.57960900000000
1215;"København K         ";København;0;55.67565600000000;12.58463100000000
1216;"København K         ";København;0;55.67523100000000;12.58379000000000
1217;"København K         ";København;0;55.67542100000000;12.58384700000000
1218;"København K         ";København;0;55.67607200000000;12.58000400000000
1219;"København K         ";København;0;55.67326100000000;12.58144900000000
1220;"København K         ";København;0;55.67418500000000;12.57807600000000
1221;"København K         ";København;0;55.67306200000000;12.58174900000000
1240;"København K         ";København;0;55.67615200000000;12.58022000000000
1248;"København K         ";København;0;55.68162900000000;12.56915900000000
1249;"København K         ";København;0;55.68162900000000;12.56915900000000
1250;"København K         ";København;0;55.68143700000000;12.59151000000000
1251;"København K         ";København;0;55.67975500000000;12.59386600000000
1252;"København K         ";København;0;55.68175200000000;12.59581900000000
1253;"København K         ";København;0;55.68436200000000;12.59524600000000
1254;"København K         ";København;0;55.68136100000000;12.59019300000000
1255;"København K         ";København;0;55.68125800000000;12.58937600000000
1256;"København K         ";København;0;55.68548600000000;12.59441000000000
1257;"København K         ";København;0;55.68439200000000;12.59255300000000
1258;"København K         ";København;0;55.68459000000000;12.59542800000000
1259;"København K         ";København;0;55.69075500000000;12.59982400000000
1260;"København K         ";København;0;55.68330800000000;12.58942000000000
1261;"København K         ";København;0;55.68196900000000;12.58690300000000
1262;"København K         ";København;0;55.68162900000000;12.56915900000000
1263;"København K         ";København;0;55.68794000000000;12.59556500000000
1264;"København K         ";København;0;55.68523900000000;12.58850300000000
1265;"København K         ";København;0;55.68483200000000;12.59009100000000
1266;"København k         ";København;0;55.68791300000000;12.59096900000000
1267;"København K         ";København;0;55.68841000000000;12.59072900000000
1268;"København K         ";København;0;55.68886200000000;12.59024600000000
1270;"København K         ";København;0;55.68994700000000;12.58996100000000
1271;"København K         ";København;0;55.68936100000000;12.58987600000000
1291;"København K         ";København;0;55.68094300000000;12.59336800000000
1295;"København K         ";København;0;55.68162900000000;12.56915900000000
1296;"København K         ";København;0;55.68162900000000;12.56915900000000
1298;"København K         ";København;0;55.68162900000000;12.56915900000000
1299;"København K         ";København;0;55.68162900000000;12.56915900000000
1300;"København K         ";København;0;55.68389100000000;12.58528600000000
1301;"København K         ";København;0;55.68326400000000;12.58551700000000
1302;"København K         ";København;0;55.68384200000000;12.58633000000000
1303;"København K         ";København;0;55.68605200000000;12.58808200000000
1304;"København K         ";København;0;55.68358100000000;12.58334200000000
1305;"København K         ";København;0;55.68162900000000;12.56915900000000
1306;"København K         ";København;0;55.68408800000000;12.58193300000000
1307;"København K         ";København;0;55.68770200000000;12.57894900000000
1308;"København K         ";København;0;55.68701600000000;12.58311200000000
1309;"Køhenhavn K         ";København;0;55.68727200000000;12.58365600000000
1310;"København K         ";København;0;55.68630100000000;12.58869700000000
1311;"København K         ";København;0;55.68727800000000;12.58650200000000
1312;"København K         ";København;0;55.68782000000000;12.58589000000000
1313;"København K         ";København;0;55.68743100000000;12.58737600000000
1314;"København K         ";København;0;55.68800400000000;12.58664800000000
1315;"København K         ";København;0;55.68769700000000;12.58777700000000
1316;"København K         ";København;0;55.68780900000000;12.58310100000000
1317;"København K         ";København;0;55.68890800000000;12.58312700000000
1318;"København K         ";København;0;55.68849800000000;12.58474800000000
1319;"København K         ";København;0;55.68809900000000;12.58763900000000
1320;"København K         ";København;0;55.68852000000000;12.58740100000000
1321;"København K         ";København;0;55.68800400000000;12.58925100000000
1322;"København K         ";København;0;55.68895000000000;12.58707200000000
1323;"København K         ";København;0;55.68971100000000;12.58561500000000
1324;"København K         ";København;0;55.68908800000000;12.58795300000000
1325;"København K         ";København;0;55.68955400000000;12.58763300000000
1326;"København K         ";København;0;55.68989000000000;12.58776200000000
1327;"København K         ";København;0;55.69031700000000;12.58752500000000
1328;"København K         ";København;0;55.69005100000000;12.58832000000000
1329;"København K         ";København;0;55.68908600000000;12.58510300000000
1330;"København K         ";København;0;55.68162900000000;12.56915900000000
1347;"København K         ";København;0;55.68162900000000;12.56915900000000
1349;"København K         ";København;0;55.68731200000000;12.57899000000000
1350;"København K         ";København;0;55.68623600000000;12.57722100000000
1352;"København K         ";København;0;55.68969600000000;12.57244500000000
1353;"København K         ";København;0;55.68704200000000;12.57104200000000
1354;"København K         ";København;0;55.68933900000000;12.57201200000000
1355;"København K         ";København;0;55.68901600000000;12.57145900000000
1356;"København K         ";København;0;55.68672600000000;12.56771000000000
1357;"København K         ";København;0;55.68889300000000;12.56878900000000
1358;"København K         ";København;0;55.68115700000000;12.56835900000000
1359;"København K         ";København;0;55.68356000000000;12.56448100000000
1360;"København K         ";København;0;55.68560800000000;12.56666200000000
1361;"København K         ";København;0;55.68294400000000;12.56929800000000
1362;"København K         ";København;0;55.68333900000000;12.56803500000000
1363;"København K         ";København;0;55.68526700000000;12.56546000000000
1364;"København K         ";København;0;55.68260900000000;12.56576600000000
1365;"København K         ";København;0;55.68219000000000;12.56437100000000
1366;"København K         ";København;0;55.68372900000000;12.56540600000000
1367;"København K         ";København;0;55.68314300000000;12.56350800000000
1368;"København K         ";København;0;55.68156500000000;12.56328500000000
1369;"København K         ";København;0;55.68035200000000;12.56246900000000
1370;"København K         ";København;0;55.68286600000000;12.56214500000000
1371;"København K         ";København;0;55.68647600000000;12.56445300000000
1375;"København K         ";København;0;55.68162900000000;12.56915900000000
1399;"København k         ";København;0;55.68162900000000;12.56915900000000
1400;"København K         ";København;0;55.66999900000000;12.59527800000000
1401;"København K         ";København;0;55.67539100000000;12.59149700000000
1402;"København K         ";København;0;55.67225200000000;12.58582100000000
1403;"København K         ";København;0;55.67553000000000;12.59388900000000
1404;"København k         ";København;0;55.67634500000000;12.59475500000000
1405;"København K         ";København;0;55.68162900000000;12.56915900000000
1406;"København K         ";København;0;55.67534000000000;12.59286200000000
1407;"København K         ";København;0;55.67359500000000;12.59549800000000
1408;"København K         ";København;0;55.67357000000000;12.59073700000000
1409;"København K         ";København;0;55.67380700000000;12.58731800000000
1410;"København K         ";København;0;55.67220900000000;12.59082000000000
1411;"København K         ";København;0;55.67041200000000;12.58495200000000
1412;"København K         ";København;0;55.67078400000000;12.58613200000000
1413;"København K         ";København;0;55.67067300000000;12.58680100000000
1414;"København K         ";København;0;55.67333700000000;12.59181700000000
1415;"København K         ";København;0;55.67467000000000;12.59480700000000
1416;"København K         ";København;0;55.67255300000000;12.59392100000000
1417;"København K         ";København;0;55.67278600000000;12.59222300000000
1418;"København K         ";København;0;55.67085000000000;12.59102600000000
1419;"København K         ";København;0;55.67043600000000;12.58907200000000
1420;"København K         ";København;0;55.67166200000000;12.59144200000000
1421;"København K         ";København;0;55.67033300000000;12.58822000000000
1422;Prinsessegade Kbh. K;København;0;55.67338900000000;12.59594900000000
1423;"København K         ";København;0;55.67071000000000;12.59273200000000
1424;"København K         ";København;0;55.66914200000000;12.58945200000000
1425;"København K         ";København;0;55.67175300000000;12.59475600000000
1426;"København K         ";København;0;55.67254200000000;12.59652300000000
1427;"København K         ";København;0;55.67521900000000;12.59694100000000
1428;"København K         ";København;0;55.67562900000000;12.59756600000000
1429;"København K         ";København;0;55.67548300000000;12.59859000000000
1430;"København K         ";København;0;55.67669900000000;12.59844800000000
1431;"København K         ";København;0;55.67628100000000;12.60025100000000
1432;"København K         ";København;0;55.69322800000000;12.61305300000000
1433;"København K         ";København;0;55.69548000000000;12.62144000000000
1434;"København K         ";København;0;55.68009500000000;12.60369300000000
1435;"København K         ";København;0;55.68089800000000;12.60541700000000
1436;"København K         ";København;0;55.67728900000000;12.60329200000000
1437;"København K         ";København;0;55.68162300000000;12.60604500000000
1438;"København K         ";København;0;55.68256800000000;12.60027200000000
1439;"København K         ";København;0;55.68484800000000;12.60622100000000
1440;"København K         ";København;0;55.67492900000000;12.60535800000000
1441;"København K         ";København;0;55.67165100000000;12.60568000000000
1448;"København K         ";København;0;55.67457000000000;12.58939900000000
1449;"København K         ";København;0;55.68162900000000;12.56915900000000
1450;"København K         ";København;0;55.67723000000000;12.57350900000000
1451;"København K         ";København;0;55.68050300000000;12.56979200000000
1452;"København K         ";København;0;55.67948900000000;12.56835900000000
1453;"København k         ";København;0;55.67887200000000;12.56783900000000
1454;"København K         ";København;0;55.67828900000000;12.56957000000000
1455;"København K         ";København;0;55.67838200000000;12.56892100000000
1456;"København K         ";København;0;55.67713800000000;12.56928600000000
1457;"København K         ";København;0;55.67831700000000;12.57203000000000
1458;"København K         ";København;0;55.67715900000000;12.57143700000000
1459;"København K         ";København;0;55.67727900000000;12.57118100000000
1460;"København K         ";København;0;55.67660300000000;12.57098800000000
1461;"København K         ";København;0;55.67673100000000;12.57235100000000
1462;"København K         ";København;0;55.67628100000000;12.57151900000000
1463;"København K         ";København;0;55.67573700000000;12.57194900000000
1464;"København K         ";København;0;55.67647300000000;12.57288300000000
1465;"København K         ";København;0;55.67569300000000;12.57336300000000
1466;"København K         ";København;0;55.67694500000000;12.57410000000000
1467;"København K         ";København;0;55.67595400000000;12.57403100000000
1468;"København K         ";København;0;55.67545400000000;12.57273200000000
1470;"København K         ";København;0;55.67500900000000;12.57440000000000
1471;"København K         ";København;0;55.67439800000000;12.57544100000000
1472;"København K         ";København;0;55.67380000000000;12.57639100000000
1473;"København K         ";København;0;55.67252900000000;12.57864200000000
1500;"København V         ";København;0;55.66982200000000;12.56978100000000
1501;"København V         ";København;0;55.67234700000000;12.55526600000000
1502;"København V         ";København;0;55.67234700000000;12.55526600000000
1503;"København V         ";København;0;55.67234700000000;12.55526600000000
1504;"København V         ";København;0;55.67234700000000;12.55526600000000
1505;"København V         ";København;0;55.67234700000000;12.55526600000000
1506;"København V         ";København;0;55.67234700000000;12.55526600000000
1507;"København V         ";København;0;55.67590000000000;12.56550000000000
1508;"København V         ";København;0;55.67590000000000;12.56550000000000
1509;"København V         ";København;0;55.67590000000000;12.56550000000000
1510;"København V         ";København;0;55.67590000000000;12.56550000000000
1525;"København V         ";København;0;55.67590000000000;12.56550000000000
1530;"København V         ";København;0;55.67234700000000;12.55526600000000
1532;"København SV        ";København;0;55.62027100000000;12.67556200000000
1533;"København SV        ";København;0;55.62027100000000;12.67556200000000
1550;"København V         ";København;0;55.67641000000000;12.56914800000000
1551;"København V         ";København;0;55.67908100000000;12.56587000000000
1552;"København V         ";København;0;55.67278800000000;12.57681800000000
1553;"København V         ";København;0;55.67439800000000;12.57017300000000
1554;"København V         ";København;0;55.67703700000000;12.56534400000000
1555;"København V         ";København;0;55.67424800000000;12.57128800000000
1556;"København V         ";København;0;55.67347900000000;12.57361800000000
1557;"København V         ";København;0;55.67318800000000;12.57469600000000
1558;"København V         ";København;0;55.67191800000000;12.57688200000000
1559;"København V         ";København;0;55.67121100000000;12.57776900000000
1560;"København V         ";København;0;55.66656100000000;12.56517300000000
1561;"København V         ";København;0;55.66061100000000;12.56242100000000
1562;"København V         ";København;0;55.67045000000000;12.57354100000000
1563;"København V         ";København;0;55.67088800000000;12.57392200000000
1564;"København V         ";København;0;55.67231600000000;12.57606300000000
1566;"København V         ";København;0;55.66982200000000;12.56978100000000
1567;"København V         ";København;0;55.66988800000000;12.57090700000000
1568;"København V         ";København;0;55.67081700000000;12.57014000000000
1569;"København V         ";København;0;55.67076500000000;12.57131900000000
1570;"København V         ";København;0;55.67380200000000;12.56420700000000
1571;"København V         ";København;0;55.67107800000000;12.57273300000000
1572;"København V         ";København;0;55.67136100000000;12.57352400000000
1573;"København V         ";København;0;55.67157100000000;12.57479100000000
1574;"København V         ";København;0;55.67174400000000;12.57226800000000
1575;"København V         ";København;0;55.67181200000000;12.57124200000000
1576;"København V         ";København;0;55.67123500000000;12.56996900000000
1577;"København V         ";København;0;55.67319100000000;12.56613900000000
1581;"København V         ";København;0;55.67590000000000;12.56550000000000
1583;"København V         ";København;0;55.67590000000000;12.56550000000000
1585;"København V         ";København;0;55.67590000000000;12.56550000000000
1590;"København V         ";København;0;55.67234700000000;12.55526600000000
1592;"København V         ";København;0;55.67570100000000;12.57053200000000
1595;"København V         ";København;0;55.67234700000000;12.55526600000000
1596;"København V         ";København;0;55.67590000000000;12.56550000000000
1599;"København V         ";København;0;55.67570100000000;12.57053200000000
1600;"København V         ";København;0;55.68014900000000;12.56250100000000
1601;"København V         ";København;0;55.67966000000000;12.56009300000000
1602;"København V         ";København;0;55.67712900000000;12.56060300000000
1603;"København V         ";København;0;55.67917500000000;12.56239000000000
1604;"København V         ";København;0;55.67710500000000;12.56210300000000
1605;"København V         ";København;0;55.67606700000000;12.56130700000000
1606;"København V         ";København;0;55.67830900000000;12.56268900000000
1607;"København V         ";København;0;55.67941300000000;12.56370400000000
1608;"København V         ";København;0;55.67603900000000;12.56577200000000
1609;"København V         ";København;0;55.67682200000000;12.56381600000000
1610;"København V         ";København;0;55.67384500000000;12.55609700000000
1611;"København V         ";København;0;55.67771900000000;12.56382100000000
1612;"København V         ";København;0;55.67540100000000;12.56197000000000
1613;"København V         ";København;0;55.67445300000000;12.56176600000000
1614;"København V         ";København;0;55.67415300000000;12.56072500000000
1615;"København V         ";København;0;55.67355200000000;12.55935100000000
1616;"København V         ";København;0;55.67334100000000;12.55700400000000
1617;"København V         ";København;0;55.67309700000000;12.55464000000000
1618;"København V         ";København;0;55.67353700000000;12.55107300000000
1619;"København V         ";København;0;55.67383000000000;12.54989500000000
1620;"København V         ";København;0;55.67328200000000;12.55214800000000
1621;"København V         ";København;0;55.67308900000000;12.54860200000000
1622;"København V         ";København;0;55.67266300000000;12.54653400000000
1623;"København V         ";København;0;55.67195400000000;12.54532200000000
1624;"København V         ";København;0;55.67210300000000;12.54602800000000
1630;"København V         ";København;0;55.67492900000000;12.56540900000000
1631;"København V         ";København;0;55.68236000000000;12.55514500000000
1632;"København V         ";København;0;55.68316700000000;12.55492300000000
1633;"København V         ";København;0;55.68220500000000;12.55627400000000
1634;"København V         ";København;0;55.68178900000000;12.55668200000000
1635;"København V         ";København;0;55.68263100000000;12.55652300000000
1639;"København V         ";København;0;55.67590000000000;12.56550000000000
1640;"København V         ";København;0;55.68013700000000;12.56167600000000
1645;"København V         ";København;0;55.67590000000000;12.56550000000000
1648;"København V         ";København;0;55.67590000000000;12.56550000000000
1650;"København V         ";København;0;55.66975800000000;12.55523800000000
1651;"København V         ";København;0;55.67202200000000;12.56402000000000
1652;"København V         ";København;0;55.67252400000000;12.56195900000000
1653;"København V         ";København;0;55.67242500000000;12.56106500000000
1654;"København V         ";København;0;55.67143600000000;12.55942900000000
1655;"København V         ";København;0;55.67133100000000;12.55834000000000
1656;"København V         ";København;0;55.67125800000000;12.55677400000000
1657;"København V         ";København;0;55.66943000000000;12.55688000000000
1658;"København V         ";København;0;55.67053000000000;12.55478200000000
1659;"København V         ";København;0;55.67166500000000;12.55432600000000
1660;"København V         ";København;0;55.66990800000000;12.55286200000000
1661;"København V         ";København;0;55.67113900000000;12.55191400000000
1662;"København V         ";København;0;55.66945700000000;12.55109200000000
1663;"København V         ";København;0;55.66922400000000;12.54996200000000
1664;"København V         ";København;0;55.67194000000000;12.54925800000000
1665;"København V         ";København;0;55.67129600000000;12.54849300000000
1666;"København V         ";København;0;55.66981100000000;12.54684800000000
1667;"København V         ";København;0;55.66917300000000;12.54724000000000
1668;"København V         ";København;0;55.66869300000000;12.54802000000000
1669;"København V         ";København;0;55.66880400000000;12.54705400000000
1670;"København V         ";København;0;55.66695200000000;12.54588800000000
1671;"København V         ";København;0;55.66651500000000;12.54619300000000
1672;"København V         ";København;0;55.66854200000000;12.54648800000000
1673;"København V         ";København;0;55.66800900000000;12.54658900000000
1674;"København V         ";København;0;55.66802200000000;12.54455800000000
1675;"København V         ";København;0;55.66644400000000;12.54686400000000
1676;"København V         ";København;0;55.66589900000000;12.54852700000000
1677;"København V         ";København;0;55.66601000000000;12.54686700000000
1699;"Staldgade, Kbh. V   ";København;0;55.66830900000000;12.56251200000000
1700;"København V         ";København;0;55.66988100000000;12.56156300000000
1701;"København V         ";København;0;55.67179200000000;12.56334700000000
1702;"København V         ";København;0;55.67131600000000;12.56371900000000
1703;"København V         ";København;0;55.67023000000000;12.56242100000000
1704;"København V         ";København;0;55.67017900000000;12.56535300000000
1705;"København V         ";København;0;55.66479400000000;12.55443600000000
1706;"København V         ";København;0;55.67076100000000;12.55997400000000
1707;"København V         ";København;0;55.67182200000000;12.56058300000000
1708;"København V         ";København;0;55.66961200000000;12.55743400000000
1709;"København V         ";København;0;55.66850200000000;12.55438000000000
1710;"København V         ";København;0;55.67003900000000;12.56268000000000
1711;"København V         ";København;0;55.66729000000000;12.55920500000000
1712;"København V         ";København;0;55.66827100000000;12.55782400000000
1713;"København V         ";København;0;55.67047300000000;12.56049600000000
1714;"København V         ";København;0;55.66645200000000;12.55834000000000
1715;"København V         ";København;0;55.66882000000000;12.56074700000000
1716;"København V         ";København;0;55.66894100000000;12.55868300000000
1717;"København V         ";København;0;55.66671600000000;12.55711200000000
1718;"København V         ";København;0;55.66658200000000;12.55614500000000
1719;"København V         ";København;0;55.66625300000000;12.55543400000000
1720;"København V         ";København;0;55.66466200000000;12.54660100000000
1721;"København V         ";København;0;55.66623000000000;12.55330200000000
1722;"København V         ";København;0;55.66571700000000;12.55498000000000
1723;"København V         ";København;0;55.66743100000000;12.55226600000000
1724;"København V         ";København;0;55.66796400000000;12.55233600000000
1725;"København V         ";København;0;55.66570100000000;12.55404100000000
1726;"København V         ";København;0;55.66544100000000;12.55285000000000
1727;"København V         ";København;0;55.66518400000000;12.55165800000000
1728;"København V         ";København;0;55.66495100000000;12.55049600000000
1729;"København V         ";København;0;55.66457800000000;12.54919300000000
1730;"København V         ";København;0;55.66437800000000;12.54824800000000
1731;"København V         ";København;0;55.66398900000000;12.54682400000000
1732;"København V         ";København;0;55.66402000000000;12.54583300000000
1733;"København V         ";København;0;55.66361000000000;12.54429300000000
1734;"København V         ";København;0;55.66528900000000;12.54574300000000
1735;"København V         ";København;0;55.66517000000000;12.54521300000000
1736;"København V         ";København;0;55.66532100000000;12.54413900000000
1737;"København V         ";København;0;55.66478900000000;12.54452400000000
1738;"København V         ";København;0;55.66464900000000;12.54362600000000
1739;"København V         ";København;0;55.66433800000000;12.54321500000000
1748;"København V         ";København;0;55.66774100000000;12.53159200000000
1749;"København V         ";København;0;55.66999900000000;12.53801300000000
1750;"København V         ";København;0;55.66849200000000;12.54006200000000
1751;"København V         ";København;0;55.67017100000000;12.54468600000000
1752;"København V         ";København;0;55.67002800000000;12.54292900000000
1753;"København V         ";København;0;55.66956500000000;12.54328700000000
1754;"København V         ";København;0;55.66936000000000;12.54411000000000
1755;"København V         ";København;0;55.66970300000000;12.54277200000000
1756;"København V         ";København;0;55.66956500000000;12.54181400000000
1757;"København V         ";København;0;55.66901800000000;12.54099400000000
1758;"København V         ";København;0;55.66803000000000;12.54226100000000
1759;"København V         ";København;0;55.66842200000000;12.54368800000000
1760;"København V         ";København;0;55.66660000000000;12.53812200000000
1761;"København V         ";København;0;55.66714000000000;12.54054000000000
1762;"København V         ";København;0;55.66551300000000;12.54092500000000
1763;"København V         ";København;0;55.66540200000000;12.54193800000000
1764;"København V         ";København;0;55.66519800000000;12.53948300000000
1765;"København V         ";København;0;55.66432400000000;12.53915500000000
1766;"København V         ";København;0;55.66407300000000;12.54074200000000
1770;"København V         ";København;0;55.66784800000000;12.53522900000000
1771;"København V         ";København;0;55.66850700000000;12.53919900000000
1772;"København V         ";København;0;55.66837300000000;12.53859400000000
1773;"København V         ";København;0;55.66823700000000;12.53799000000000
1774;"København V         ";København;0;55.66771900000000;12.53769100000000
1775;"København V         ";København;0;55.66791000000000;12.53683500000000
1776;"København V         ";København;0;55.67590000000000;12.56550000000000
1777;"København V         ";København;0;55.66732100000000;12.53777800000000
1778;"København V         ";København;0;55.66574000000000;12.53364100000000
1780;"København V         ";København;0;55.66992900000000;12.57099900000000
1782;"København V         ";København;0;55.67234700000000;12.55526600000000
1783;"København V         ";København;0;55.67590000000000;12.56550000000000
1784;"København V         ";København;0;55.67590000000000;12.56550000000000
1785;"København V         ";København;0;55.67684900000000;12.56824100000000
1786;"København V         ";København;0;55.67362000000000;12.58914100000000
1787;"København V         ";København;0;55.67555700000000;12.56835900000000
1788;"København V         ";København;0;55.67590000000000;12.56550000000000
1789;"København V         ";København;0;55.67590000000000;12.56550000000000
1790;"København V         ";København;0;55.67365500000000;12.55492500000000
1795;"Valby               ";København;0;55.66165900000000;12.51677500000000
1799;"København V         ";København;0;55.66725600000000;12.53529100000000
1800;"Frederiksberg C     ";København;0;55.67075000000000;12.53236900000000
1801;"Frederiksberg C     ";København;0;55.66952700000000;12.53517900000000
1802;"Frederiksberg C     ";København;0;55.66990800000000;12.53435700000000
1803;"Frederiksberg C     ";København;0;55.67019300000000;12.53360900000000
1804;"Frederiksberg C     ";København;0;55.66963600000000;12.53227100000000
1805;"Frederiksberg C     ";København;0;55.66794300000000;12.53103100000000
1806;"Frederiksberg C     ";København;0;55.67222000000000;12.53358199999999
1807;"Frederiksberg C     ";København;0;55.67138300000000;12.53338500000000
1808;"Frederiksberg C     ";København;0;55.67146400000000;12.53418900000000
1809;"Frederiksberg C     ";København;0;55.67324400000000;12.53607700000000
1810;"Frederiksberg C     ";København;0;55.67199700000000;12.53984500000000
1811;"Frederiksberg C     ";København;0;55.67306800000000;12.53686100000000
1812;"Frederiksberg C     ";København;0;55.67103100000000;12.53704500000000
1813;"Frederiksberg C     ";København;0;55.67217600000000;12.53858900000000
1814;"Frederiksberg C     ";København;0;55.67155200000000;12.54095300000000
1815;"Frederiksberg C     ";København;0;55.67281800000000;12.54237700000000
1816;"Frederiksberg C     ";København;0;55.67298500000000;12.54351400000000
1817;"Frederiksberg C     ";København;0;55.67222000000000;12.54276000000000
1818;"Frederiksberg C     ";København;0;55.67299200000000;12.54460000000000
1819;"Frederiksberg C     ";København;0;55.67390700000000;12.54988300000000
1820;"Frederiksberg C     ";København;0;55.67412300000000;12.53976300000000
1822;"Frederiksberg C     ";København;0;55.67249400000000;12.54594700000000
1823;"Frederiksberg C     ";København;0;55.67307800000000;12.54558200000000
1824;"Frederiksberg C     ";København;0;55.67432300000000;12.54680900000000
1825;"Frederiksberg C     ";København;0;55.67457800000000;12.54567400000000
1826;"Frederiksberg C     ";København;0;55.67474400000000;12.54455700000000
1827;"Frederiksberg C     ";København;0;55.67482200000000;12.54336100000000
1828;"Frederiksberg C     ";København;0;55.67505200000000;12.54206300000000
1829;"Frederiksberg C     ";København;0;55.67513300000000;12.54100600000000
1835;"Frederiksberg C     ";København;0;55.67607800000000;12.54315000000000
1850;"Frederiksberg C     ";København;0;55.67607800000000;12.54315000000000
1851;"Frederiksberg C     ";København;0;55.67588700000000;12.53974900000000
1852;"Frederiksberg C     ";København;0;55.67543000000000;12.53800300000000
1853;"Frederiksberg C     ";København;0;55.67521700000000;12.53658900000000
1854;"Frederiksberg C     ";København;0;55.67541200000000;12.53466000000000
1855;"Frederiksberg C     ";København;0;55.67620300000000;12.53593000000000
1856;"Frederiksberg C     ";København;0;55.67687100000000;12.53709000000000
1857;"Frederiksberg C     ";København;0;55.67705800000000;12.53576400000000
1860;"Frederiksberg C     ";København;0;55.68079900000000;12.53553200000000
1861;"Frederiksberg C     ";København;0;55.67939100000000;12.53532000000000
1862;"Frederiksberg C     ";København;0;55.67945600000000;12.53595500000000
1863;"Frederiksberg C     ";København;0;55.67972600000000;12.53741800000000
1864;"Frederiksberg C     ";København;0;55.67818000000000;12.54077000000000
1865;"Frederiksberg C     ";København;0;55.67888600000000;12.53863700000000
1866;"Frederiksberg C     ";København;0;55.67788600000000;12.53816100000000
1867;"Frederiksberg C     ";København;0;55.67868900000000;12.53999200000000
1868;"Frederiksberg C     ";København;0;55.67751900000000;12.54050600000000
1870;"Frederiksberg C     ";København;0;55.68014900000000;12.54057200000000
1871;"Frederiksberg C     ";København;0;55.68153000000000;12.54294700000000
1872;"Frederiksberg C     ";København;0;55.68027200000000;12.54487900000000
1873;"Frederiksberg C     ";København;0;55.67984500000000;12.54456600000000
1874;"Frederiksberg C     ";København;0;55.67985900000000;12.54660100000000
1875;"Frederiksberg C     ";København;0;55.67919700000000;12.54418600000000
1876;"Frederiksberg C     ";København;0;55.67801000000000;12.54439100000000
1877;"Frederiksberg C     ";København;0;55.67690900000000;12.54318800000000
1878;"Frederiksberg C     ";København;0;55.67675700000000;12.54458900000000
1879;"Frederiksberg C     ";København;0;55.67960600000000;12.54809200000000
1899;"TERMINAL            ";København;0;55.64660000000000;12.29615800000000
1900;"Frederiksberg C     ";København;0;55.68121600000000;12.55622200000000
1901;"Frederiksberg C     ";København;0;55.67592200000000;12.54630500000000
1902;"Frederiksberg C     ";København;0;55.67768000000000;12.54837800000000
1903;"Frederiksberg C     ";København;0;55.67623100000000;12.54874200000000
1904;"Frederiksberg C     ";København;0;55.67743400000000;12.55129700000000
1905;"Frederiksberg C     ";København;0;55.67546200000000;12.55080400000000
1906;"Frederiksberg C     ";København;0;55.67528300000000;12.55164700000000
1908;"Frederiksberg C     ";København;0;55.67449200000000;12.55346800000000
1909;"Frederiksberg C     ";København;0;55.67597500000000;12.55282000000000
1910;"Frederiksberg C     ";København;0;55.67938100000000;12.55066200000000
1911;"Frederiksberg C     ";København;0;55.67804700000000;12.55108200000000
1912;"Frederiksberg C     ";København;0;55.67864600000000;12.55116600000000
1913;"Frederiksberg C     ";København;0;55.67844600000000;12.55225400000000
1914;"Frederiksberg C     ";København;0;55.67800500000000;12.55357800000000
1915;"Frederiksberg C     ";København;0;55.67861400000000;12.55336100000000
1916;"Frederiksberg C     ";København;0;55.67755600000000;12.55542400000000
1917;"Frederiksberg C     ";København;0;55.67693800000000;12.55511000000000
1918;"Frederiksberg C     ";København;0;55.67607800000000;12.54315000000000
1919;"Frederiksberg C     ";København;0;55.67607800000000;12.54315000000000
1920;"Frederiksberg C.    ";København;0;55.67933600000000;12.55421100000000
1921;"Frederiksberg C     ";København;0;55.67992900000000;12.55311900000000
1922;"Frederiksberg C     ";København;0;55.68020200000000;12.55304900000000
1923;"Frederiksberg C     ";København;0;55.68118400000000;12.55020500000000
1924;"Frederiksberg C     ";København;0;55.68124500000000;12.55153700000000
1925;"Frederiksberg C     ";København;0;55.68078200000000;12.55362900000000
1926;"Frederiksberg C     ";København;0;55.68002000000000;12.55616100000000
1927;"Frederiksberg C     ";København;0;55.67942900000000;12.55571100000000
1928;"Frederiksberg C     ";København;0;55.67882300000000;12.55555400000000
1940;"Frederiksberg C     ";København;0;55.67607800000000;12.54315000000000
1950;"Frederiksberg C     ";København;0;55.68178100000000;12.53750700000000
1951;"Frederiksberg C     ";København;0;55.68210800000000;12.53648900000000
1952;"Frederiksberg C     ";København;0;55.68246100000000;12.53624800000000
1953;"Frederiksberg C     ";København;0;55.68278300000000;12.53746500000000
1954;"Frederiksberg C     ";København;0;55.68425800000000;12.53896200000000
1955;"Frederiksberg C     ";København;0;55.68360900000000;12.54041100000000
1956;"Frederiksberg C     ";København;0;55.68353300000000;12.54144100000000
1957;"Frederiksberg C     ";København;0;55.68365600000000;12.54269700000000
1958;"Frederiksberg C     ";København;0;55.68423100000000;12.54334000000000
1959;"Frederiksberg C     ";København;0;55.68604100000000;12.54147200000000
1960;"Frederiksberg C     ";København;0;55.68506200000000;12.55070500000000
1961;"Frederiksberg C     ";København;0;55.68149000000000;12.54711100000000
1962;"Frederiksberg C     ";København;0;55.68256800000000;12.54690200000000
1963;"Frederiksberg C     ";København;0;55.68124100000000;12.54831900000000
1964;"Frederiksberg C     ";København;0;55.68411000000000;12.54832800000000
1965;"Frederiksberg C     ";København;0;55.68341000000000;12.54827000000000
1966;"Frederiksberg C     ";København;0;55.68354000000000;12.54983700000000
1967;"Frederiksberg C     ";København;0;55.68432500000000;12.54992200000000
1970;"Frederiksberg C     ";København;0;55.68209100000000;12.55214800000000
1971;"Frederiksberg C     ";København;0;55.68412600000000;12.55214400000000
1972;"Frederiksberg C.    ";København;0;55.68415100000000;12.55315000000000
1973;"Frederiksberg C     ";København;0;55.68364000000000;12.55410700000000
1974;"Frederiksberg C     ";København;0;55.68278300000000;12.55462100000000
1998;"Frederiksberg C     ";København;0;55.67607800000000;12.54315000000000
1999;"Frederiksberg C     ";København;0;55.67607800000000;12.54315000000000
2000;"Frederiksberg       ";København;0;55.68258900000000;12.51327200000000
2100;"København Ø         ";København;0;55.70960300000000;12.57751700000000
2150;"Nordhavn            ";København;0;55.71600000000000;12.60900000000000
2200;"København N         ";København;0;55.69297000000000;12.54729900000000
2300;"København S         ";København;0;55.65055500000000;12.59914900000000
2400;"København NV        ";København;0;55.71515100000000;12.53132900000000
2450;"København SV        ";København;0;55.64883100000000;12.53496100000000
2500;"Valby               ";København;0;55.66074600000000;12.50310100000000
2600;"Glostrup            ";København;0;55.66970200000000;12.40195500000000
2605;"Brøndby             ";København;0;55.64729200000000;12.41492100000000
2610;"Rødovre             ";København;0;55.67354300000000;12.46498400000000
2620;"Albertslund         ";København;0;55.65910900000000;12.35716200000000
2625;"Vallensbæk          ";København;0;55.63628000000000;12.36774300000000
2630;"Tåstrup             ";København;0;55.64660000000000;12.29615800000000
2635;"Ishøj               ";København;0;55.61385000000000;12.34759200000000
2640;"Hedehusene          ";København;0;55.65118600000000;12.19497600000000
2650;"Hvidovre            ";København;0;55.64267400000000;12.47634700000000
2660;"Brøndby Strand      ";København;0;55.61855200000000;12.41788200000000
2665;"Vallensbæk Strand   ";København;0;55.61686100000000;12.38975600000000
2670;"Greve               ";København;0;55.59829800000000;12.24109800000000
2680;"Solrød Strand       ";København;0;55.53497100000000;12.22043900000000
2690;"Karlslunde          ";København;0;55.56689000000000;12.24938000000000
2698;Tåstrup, DF-terminal;København;0;55.63744200000000;12.25401200000000
2699;"TERMINAL            ";København;0;55.64660000000000;12.29615800000000
2700;"Brønshøj            ";København;0;55.70085400000000;12.49635200000000
2720;"Vanløse             ";København;0;55.68594500000000;12.48124300000000
2730;"Herlev              ";København;0;55.73085800000000;12.42591300000000
2740;"Skovlunde           ";København;0;55.71482400000000;12.39736400000000
2750;"Ballerup            ";København;0;55.72450800000000;12.35593900000000
2760;"Måløv               ";København;0;55.75441900000000;12.32278200000000
2765;"Smørum              ";København;0;55.72441000000000;12.28642200000000
2770;"Kastrup             ";København;0;55.63740600000000;12.64152900000000
2791;"Dragør              ";København;0;55.59401200000000;12.65996200000000
2800;"Lyngby              ";København;0;55.76361000000000;12.49487500000000
2820;"Gentofte            ";København;0;55.74799100000000;12.54863300000000
2830;"Virum               ";København;0;55.79406800000000;12.46186600000000
2840;"Holte               ";København;0;55.81773200000000;12.47214900000000
2850;"Nærum               ";København;0;55.81653900000000;12.53535200000000
2860;"Søborg              ";København;0;55.73473300000000;12.51514700000000
2870;"Dyssegård           ";København;0;55.73309000000000;12.52704500000000
2880;"Bagsværd            ";København;0;55.76448800000000;12.45724400000000
2900;"Hellerup            ";København;0;55.73660900000000;12.56976300000000
2920;"Charlottenlund      ";København;0;55.75594400000000;12.57962200000000
2930;"Klampenborg         ";København;0;55.77501300000000;12.59048200000000
2942;"Skodsborg           ";København;0;55.82704400000000;12.57357800000000
2950;"Vedbæk              ";København;0;55.86035000000000;12.56104200000000
2960;"Rungsted Kyst       ";København;0;55.88684700000000;12.53080300000000
2970;"Hørsholm            ";København;0;55.88325300000000;12.50419300000000
2980;"Kokkedal            ";København;0;55.91115500000000;12.49385100000000
2990;"Nivå                ";København;0;55.93251700000000;12.50746600000000
3000;"Helsingør           ";Sjælland;0;56.03091300000000;12.59187900000000
3050;"Humlebæk            ";Sjælland;0;55.95854000000000;12.52620000000000
3060;"Espergærde          ";Sjælland;0;55.99045000000000;12.54153000000000
3070;"Snekkersten         ";Sjælland;0;56.01040700000000;12.58545200000000
3080;"Tikøb               ";Sjælland;0;56.02101100000000;12.45095600000000
3100;"Hornbæk             ";Sjælland;0;56.08533900000000;12.45903300000000
3120;"Dronningmølle       ";Sjælland;0;56.09788900000000;12.38527200000000
3140;"Ålsgårde            ";Sjælland;0;56.07497600000000;12.53689100000000
3150;"Hellebæk            ";Sjælland;0;56.06736800000000;12.55931000000000
3200;"Helsinge            ";Sjælland;0;56.02081300000000;12.19661100000000
3210;"Vejby               ";Sjælland;0;56.06462200000000;12.14023100000000
3220;"Tisvildeleje        ";Sjælland;0;56.05853400000000;12.09407100000000
3230;"Græsted             ";Sjælland;0;56.06511000000000;12.28548300000000
3250;"Gilleleje           ";Sjælland;0;56.12269300000000;12.30124200000000
3300;"Frederiksværk       ";Sjælland;0;55.97153600000000;12.01845300000000
3310;"Ølsted              ";Sjælland;0;55.92224900000000;12.07005000000000
3320;"Skævinge            ";Sjælland;0;55.90810000000000;12.15425900000000
3330;"Gørløse             ";Sjælland;0;55.88528900000000;12.19838100000000
3360;"Liseleje            ";Sjælland;0;56.01336700000000;11.96503300000000
3370;"Melby               ";Sjælland;0;55.99570200000000;11.96770700000000
3390;"Hundested           ";Sjælland;0;55.96807800000000;11.85896200000000
3400;"Hillerød            ";Sjælland;0;55.92762900000000;12.30074000000000
3450;"Allerød             ";Sjælland;0;55.86848300000000;12.34296300000000
3460;"Birkerød            ";Sjælland;0;55.84380300000000;12.42210200000000
3480;"Fredensborg         ";Sjælland;0;55.97492900000000;12.40608000000000
3490;"Kvistgård           ";Sjælland;0;55.99178100000000;12.49980000000000
3500;"Værløse             ";Sjælland;0;55.78360100000000;12.37017100000000
3520;"Farum               ";Sjælland;0;55.81247000000000;12.37085000000000
3540;"Lynge               ";Sjælland;0;55.84104000000000;12.28221900000000
3550;"Slangerup           ";Sjælland;0;55.84604300000000;12.16929000000000
3600;"Frederikssund       ";Sjælland;0;55.83569000000000;12.06247900000000
3630;"Jægerspris          ";Sjælland;0;55.85215900000000;11.99163100000000
3650;"Ølstykke            ";Sjælland;0;55.79366000000000;12.14768200000000
3660;"Stenløse            ";Sjælland;0;55.76883900000000;12.19831400000000
3670;"Veksø Sjælland      ";Sjælland;0;55.75247200000000;12.23764800000000
3700;"Rønne               ";Øer;1;55.10082400000000;14.70834300000000
3720;"Åkirkeby            ";Øer;1;55.06999000000000;14.92042200000000
3730;"Neksø               ";Øer;1;55.06510500000000;15.12872600000000
3740;"Svaneke             ";Øer;1;55.13620800000000;15.14092600000000
3751;"Østermarie          ";Øer;1;55.14019700000000;15.01104600000000
3760;"Gudhjem             ";Øer;1;55.20875000000000;14.97220900000000
3770;"Allinge             ";Øer;1;55.27436200000000;14.79836800000000
3782;"Klemensker          ";Øer;1;55.17415500000000;14.80674200000000
3790;"Hasle               ";Øer;1;55.18203400000000;14.70857700000000
4000;"Roskilde            ";Sjælland;0;55.64165900000000;12.08858200000000
4030;"Tune                ";Sjælland;0;55.59590400000000;12.18318700000000
4040;"Jyllinge            ";Sjælland;0;55.74849900000000;12.11088400000000
4050;"Skibby              ";Sjælland;0;55.75103900000000;11.95873100000000
4060;"Kirke Såby          ";Sjælland;0;55.63537300000000;11.87223300000000
4070;"Kirke Hyllinge      ";Sjælland;0;55.70556000000000;11.89825800000000
4100;"Ringsted            ";Sjælland;0;55.44296500000000;11.79148200000000
4105;"Ringsted (P&T)      ";Sjælland;0;NULL;NULL
4130;"Viby Sjælland       ";Sjælland;0;55.54881200000000;12.02337200000000
4140;"Borup               ";Sjælland;0;55.49622300000000;11.97710400000000
4160;"Herlufmagle         ";Sjælland;0;55.31356000000000;11.75102100000000
4171;"Glumsø              ";Sjælland;0;55.35610500000000;11.68761400000000
4173;"Fjenneslev          ";Sjælland;0;55.44090000000000;11.66908300000000
4174;"Jystrup Midtsj.     ";Sjælland;0;55.51546900000000;11.86598700000000
4180;"Sorø                ";Sjælland;0;55.44232400000000;11.56101100000000
4190;"Munke Bjergby       ";Sjælland;0;55.50399900000000;11.53040200000000
4200;"Slagelse            ";Sjælland;0;55.40372000000000;11.35461200000000
4220;"Korsør              ";Sjælland;0;55.32620100000000;11.14940100000000
4230;"Skælskør            ";Sjælland;0;55.25212600000000;11.29635400000000
4241;"Vemmelev            ";Sjælland;0;55.36248900000000;11.25752100000000
4242;"Boeslunde           ";Sjælland;0;55.30346700000000;11.26475800000000
4243;"Rude                ";Sjælland;0;55.23185300000000;11.46912200000000
4244;"Agersø              ";Øer;1;55.19999920000000;11.19999920000000
4245;"Omø                 ";Øer;1;NULL;NULL
4250;"Fuglebjerg          ";Sjælland;0;55.30410300000000;11.54455300000000
4261;"Dalmose             ";Sjælland;0;55.29274100000000;11.41763300000000
4262;"Sandved             ";Sjælland;0;55.26286000000000;11.51918300000000
4270;"Høng                ";Sjælland;0;55.50757000000000;11.29030000000000
4281;"Gørlev              ";Sjælland;0;55.54544800000000;11.22733000000000
4291;"Ruds Vedby          ";Sjælland;0;55.54089900000000;11.37770000000000
4293;"Dianalund           ";Sjælland;0;55.52888600000000;11.49249200000000
4295;"Stenlille           ";Sjælland;0;55.53985300000000;11.59119800000000
4296;"Nyrup               ";Sjælland;0;55.54315200000000;11.64989100000000
4300;"Holbæk              ";Sjælland;0;55.71456900000000;11.71875500000000
4305;"Orø                 ";Øer;1;55.76666360000000;11.81666340000000
4320;"Lejre               ";Sjælland;0;55.60130800000000;11.96454100000000
4330;"Hvalsø              ";Sjælland;0;55.59426100000000;11.86129000000000
4340;"Tølløse             ";Sjælland;0;55.61467100000000;11.76413100000000
4350;"Ugerløse            ";Sjælland;0;55.58619200000000;11.65461100000000
4360;"Kirke Eskilstrup    ";Sjælland;0;55.57404600000000;11.76715300000000
4370;"Store Merløse       ";Sjælland;0;55.54640800000000;11.71601800000000
4390;"Vipperød            ";Sjælland;0;55.66893400000000;11.73466700000000
4400;"Kalundborg          ";Sjælland;0;55.68635000000000;11.08992000000000
4420;"Regstrup            ";Sjælland;0;55.67480100000000;11.61588800000000
4440;"Mørkøv              ";Sjælland;0;55.65137100000000;11.50087900000000
4450;"Jyderup             ";Sjælland;0;55.66170100000000;11.40936300000000
4460;"Snertinge           ";Sjælland;0;55.71179900000000;11.37867100000000
4470;"Svebølle            ";Sjælland;0;55.65176200000000;11.28509400000000
4480;"Store Fuglede       ";Sjælland;0;55.58544300000000;11.24407700000000
4490;"Jerslev Sj          ";Sjælland;0;55.60990300000000;11.24214800000000
4500;"Nykøbing SJ         ";Sjælland;0;55.92657900000000;11.66563000000000
4520;"Svinninge           ";Sjælland;0;55.72157300000000;11.46165800000000
4532;"Gislinge            ";Sjælland;0;55.73310100000000;11.54757000000000
4534;"Hørve               ";Sjælland;0;55.75240100000000;11.45151800000000
4540;"Fårevejle           ";Sjælland;0;55.80288500000000;11.44172600000000
4550;"Asnæs               ";Sjælland;0;55.81355100000000;11.50220300000000
4560;"Vig                 ";Sjælland;0;55.85226500000000;11.58706800000000
4571;"Grevinge            ";Sjælland;0;55.79744200000000;11.55289100000000
4572;"Nørre Asmindrup     ";Sjælland;0;55.88743300000000;11.62248900000000
4573;"Højby               ";Sjælland;0;55.91057200000000;11.59799000000000
4581;"Rørvig              ";Sjælland;0;55.94380900000000;11.75628200000000
4583;"Sjællands Odde      ";Sjælland;0;55.97610900000000;11.31889000000000
4591;"Føllenslev          ";Sjælland;0;55.72562800000000;11.35203100000000
4592;"Sejerø              ";Øer;1;55.88324500000000;11.14358100000000
4593;"Eskebjerg           ";Sjælland;0;55.71281800000000;11.30559100000000
4600;"Køge                ";Sjælland;0;55.45756300000000;12.18193900000000
4621;"Gadstrup            ";Sjælland;0;55.57062700000000;12.09462600000000
4622;"Havdrup             ";Sjælland;0;55.54632300000000;12.12111000000000
4623;"Lille Skensved      ";Sjælland;0;55.51048800000000;12.13591200000000
4632;"Bjæverskov          ";Sjælland;0;55.45712300000000;12.03379000000000
4640;"Fakse               ";Sjælland;0;55.25443000000000;12.12135800000000
4652;"Hårlev              ";Sjælland;0;55.34892800000000;12.23200000000000
4653;"Karise              ";Sjælland;0;55.30699800000000;12.19803300000000
4654;"Fakse Ladeplads     ";Sjælland;0;55.22145000000000;12.17136200000000
4660;"Store Heddinge      ";Sjælland;0;55.30876100000000;12.38724000000000
4671;"Strøby              ";Sjælland;0;55.38278800000000;12.28134200000000
4672;"Klippinge           ";Sjælland;0;55.34816100000000;12.32527500000000
4673;"Rødvig Stevns       ";Sjælland;0;55.25643400000000;12.37181000000000
4681;"Herfølge            ";Sjælland;0;55.41155700000000;12.14103600000000
4682;"Tureby              ";Sjælland;0;55.37774200000000;12.07991400000000
4683;"Rønnede             ";Sjælland;0;55.25655500000000;12.02448300000000
4684;"Holmegaard          ";Sjælland;0;55.25656900000000;11.87595800000000
4690;"Haslev              ";Sjælland;0;55.32684000000000;11.96083000000000
4700;"Næstved             ";Sjælland;0;55.22491500000000;11.75879400000000
4720;"Præstø              ";Sjælland;0;55.11803300000000;12.05551000000000
4733;"Tappernøje          ";Sjælland;0;55.16394300000000;11.97888300000000
4735;"Mern                ";Sjælland;0;55.04801100000000;12.05653000000000
4736;"Karrebæksminde      ";Sjælland;0;55.18370900000000;11.64751900000000
4750;"Lundby              ";Sjælland;0;55.10888100000000;11.87536200000000
4760;"Vordingborg         ";Sjælland;0;55.00932300000000;11.90973200000000
4771;"Kalvehave           ";Sjælland;0;54.99850600000000;12.16714100000000
4772;"Langebæk            ";Sjælland;0;54.99366000000000;12.09169800000000
4773;"Stensved            ";Sjælland;0;54.99847400000000;12.02631300000000
4780;"Stege               ";Sjælland;0;54.99086900000000;12.28744100000000
4791;"Borre               ";Sjælland;0;54.99574000000000;12.44328300000000
4792;"Askeby              ";Sjælland;0;54.92387300000000;12.17890800000000
4793;"Bogø By             ";Sjælland;0;54.92560000000000;12.04782800000000
4800;"Nykøbing F.         ";Sjælland;0;54.76532700000000;11.87558700000000
4840;"Nørre Alslev        ";Sjælland;0;54.89614300000000;11.87795500000000
4850;"Stubbekøbing        ";Sjælland;0;54.88820500000000;12.03601200000000
4862;"Guldborg            ";Sjælland;0;54.86895400000000;11.74031000000000
4863;"Eskilstrup          ";Sjælland;0;54.85546100000000;11.88567300000000
4871;"Horbelev            ";Sjælland;0;54.82364400000000;12.05660600000000
4872;"Idestrup            ";Sjælland;0;54.74194900000000;11.95756100000000
4873;"Væggerløse          ";Sjælland;0;54.71079800000000;11.92565800000000
4874;"Gedser              ";Sjælland;0;54.57426799999999;11.93115800000000
4880;"Nysted              ";Sjælland;0;54.66464400000000;11.73334900000000
4891;"Toreby L            ";Sjælland;0;54.75256000000000;11.78284200000000
4892;"Kettinge            ";Sjælland;0;54.69560900000000;11.73014200000000
4894;"Øster Ulslev        ";Sjælland;0;54.69739200000000;11.62627900000000
4895;"Errindlev           ";Sjælland;0;54.66839000000000;11.49469000000000
4899;"TERMINAL            ";Sjælland;0;55.64660000000000;12.29615800000000
4900;"Nakskov             ";Sjælland;0;54.83314900000000;11.14371000000000
4912;"Harpelunde          ";Sjælland;0;54.88645100000000;11.08984000000000
4913;"Horslunde           ";Sjælland;0;54.91071300000000;11.21693200000000
4920;"Søllested           ";Sjælland;0;54.81045900000000;11.27035300000000
4930;"Maribo              ";Sjælland;0;54.77457000000000;11.50717000000000
4941;"Bandholm            ";Sjælland;0;54.83560100000000;11.48233300000000
4942;"Askø                ";Øer;1;54.89313900000000;11.49959400000000
4943;"Torrig L            ";Sjælland;0;54.90560200000000;11.33600200000000
4944;"Fejø                ";Sjælland;0;54.94573300000000;11.41134000000000
4945;"Femø                ";Sjælland;1;54.96666280000000;11.54999780000000
4951;"Nørreballe          ";Sjælland;0;54.80662300000000;11.43023900000000
4952;"Stokkemarke         ";Sjælland;0;54.83713000000000;11.36328000000000
4953;"Vesterborg          ";Sjælland;0;54.85663900000000;11.27191900000000
4960;"Holeby              ";Sjælland;0;54.71071200000000;11.46465200000000
4970;"Rødby               ";Sjælland;0;54.69368800000000;11.38946000000000
4983;"Dannemare           ";Sjælland;0;54.76049300000000;11.18747400000000
4990;"Sakskøbing          ";Sjælland;0;54.79816000000000;11.63140300000000
5000;"Odense C            ";Fyn;0;55.39417100000000;10.38314200000000
5090;"Odense (P&T)        ";Fyn;0;NULL;NULL
5099;"TERMINAL            ";Fyn;0;55.35767200000000;10.49948000000000
5100;"Odense C            ";Fyn;0;55.39417100000000;10.38314200000000
5200;"Odense V            ";Fyn;0;55.39249900000000;10.31707900000000
5210;"Odense NV           ";Fyn;0;55.41929400000000;10.29429600000000
5220;"Odense SØ           ";Fyn;0;55.35767200000000;10.49948000000000
5230;"Odense M            ";Fyn;0;55.37898000000000;10.40336900000000
5240;"Odense NØ           ";Fyn;0;55.41675900000000;10.45440600000000
5250;"Odense SV           ";Fyn;0;55.35760200000000;10.29407100000000
5260;"Odense S            ";Fyn;0;55.33491700000000;10.37382900000000
5270;"Odense N            ";Fyn;0;55.44083100000000;10.35637900000000
5290;"Marslev             ";Fyn;0;55.39091000000000;10.51980100000000
5300;"Kerteminde          ";Fyn;0;55.45564100000000;10.65480800000000
5320;"Agedrup             ";Fyn;0;55.43061200000000;10.49075800000000
5330;"Munkebo             ";Fyn;0;55.45920400000000;10.55579500000000
5350;"Rynkeby             ";Fyn;0;55.40069100000000;10.61266500000000
5370;"Mesinge             ";Fyn;0;55.50063300000000;10.64791100000000
5380;"Dalby               ";Fyn;0;55.51664000000000;10.65863000000000
5390;"Martofte            ";Fyn;0;55.54703800000000;10.65854200000000
5400;"Bogense             ";Fyn;0;55.56714500000000;10.09422700000000
5450;"Otterup             ";Fyn;0;55.51418600000000;10.39802400000000
5462;"Morud               ";Fyn;0;55.44833100000000;10.18959900000000
5463;"Harndrup            ";Fyn;0;55.46797300000000;10.02297500000000
5464;"Brenderup Fyn       ";Fyn;0;55.48921800000000;9.97185800000000
5466;"Asperup             ";Fyn;0;55.48360200000000;9.90443200000000
5471;"Søndersø            ";Fyn;0;55.48413200000000;10.25432400000000
5474;"Veflinge            ";Fyn;0;55.47276700000000;10.16008700000000
5485;"Skamby              ";Fyn;0;55.52089300000000;10.27469100000000
5491;"Blommenslyst        ";Fyn;0;55.38954800000000;10.25943200000000
5492;"Vissenbjerg         ";Fyn;0;55.38792800000000;10.12553000000000
5500;"Middelfart          ";Fyn;0;55.49746900000000;9.74731900000000
5540;"Ullerslev           ";Fyn;0;55.36248300000000;10.66470700000000
5550;"Langeskov           ";Fyn;0;55.35648100000000;10.58567000000000
5560;"Årup                ";Fyn;0;55.37913700000000;10.04835200000000
5580;"Nørre Åby           ";Fyn;0;55.47200900000000;9.87195100000000
5591;"Gelsted             ";Fyn;0;55.39897300000000;9.97388000000000
5592;"Ejby                ";Fyn;0;55.43454400000000;9.93938600000000
5600;"Fåborg              ";Fyn;0;55.10383200000000;10.22845200000000
5601;"Lyø                 ";Øer;1;NULL;NULL
5602;"Avernakø            ";Øer;1;NULL;NULL
5603;"Bjørnø              ";Øer;1;NULL;NULL
5610;"Assens              ";Fyn;0;55.27104200000000;9.90123000000000
5620;"Glamsbjerg          ";Fyn;0;55.27767800000000;10.10720200000000
5631;"Ebberup             ";Fyn;0;55.24780200000000;9.98401900000000
5642;"Millinge            ";Fyn;0;55.13082100000000;10.21276800000000
5672;"Broby               ";Fyn;0;55.22247800000000;10.26233000000000
5683;"Hårby               ";Fyn;0;55.21577300000000;10.12061100000000
5690;"Tommerup            ";Fyn;0;55.32025000000000;10.20394900000000
5700;"Svendborg           ";Fyn;0;55.06743400000000;10.60808300000000
5750;"Ringe               ";Fyn;0;55.23596900000000;10.48007200000000
5762;"Vester Skerninge    ";Fyn;0;55.07335600000000;10.44859800000000
5771;"Stenstrup           ";Fyn;0;55.13307800000000;10.50352400000000
5772;"Kværndrup           ";Fyn;0;55.17872000000000;10.52446200000000
5792;"Årslev              ";Fyn;0;55.30646400000000;10.47875400000000
5800;"Nyborg              ";Fyn;0;55.32417200000000;10.79955100000000
5853;"Ørbæk               ";Fyn;0;55.25838500000000;10.66995700000000
5854;"Gislev              ";Fyn;0;55.21894800000000;10.59783200000000
5856;"Ryslinge            ";Fyn;0;55.23836200000000;10.53046000000000
5863;"Ferritslev Fyn      ";Fyn;0;55.31132900000000;10.60793800000000
5871;"Frørup              ";Fyn;0;55.24189000000000;10.71590500000000
5874;"Hesselager          ";Fyn;0;55.17566300000000;10.74423200000000
5881;"Skårup Fyn          ";Fyn;0;55.08415300000000;10.69253200000000
5882;"Vejstrup            ";Fyn;0;55.10770900000000;10.71345400000000
5883;"Oure                ";Fyn;0;55.11915900000000;10.72474300000000
5884;"Gudme               ";Fyn;0;55.14970500000000;10.70558100000000
5892;"Gudbjerg Sydfyn     ";Fyn;0;55.15641000000000;10.63758200000000
5900;"Rudkøbing           ";Fyn;0;54.93790700000000;10.71868400000000
5932;"Humble              ";Fyn;0;54.82926100000000;10.69794200000000
5935;"Bagenkop            ";Fyn;0;54.74899300000000;10.67540100000000
5943;"Strynø              ";Øer;1;54.89999640000000;10.61666420000000
5953;"Tranekær            ";Fyn;0;54.99785900000000;10.84799100000000
5960;"Marstal             ";Øer;1;54.85600500000000;10.51448800000000
5970;"Ærøskøbing          ";Øer;1;54.89163800000000;10.40446000000000
5985;"Søby Ærø            ";Øer;1;54.93987800000000;10.25614200000000
6000;"Kolding             ";Sydjylland;0;55.49584100000000;9.47303700000000
6040;"Egtved              ";Sydjylland;0;55.61751700000000;9.31233800000000
6051;"Almind              ";Sydjylland;0;55.56470100000000;9.48734900000000
6052;"Viuf                ";Sydjylland;0;55.58744200000000;9.49220900000000
6064;"Jordrup             ";Sydjylland;0;55.55749600000000;9.31197600000000
6070;"Christiansfeld      ";Sydjylland;0;55.35694700000000;9.48629000000000
6091;"Bjert               ";Sydjylland;0;55.45285300000000;9.56295500000000
6092;"Sønder Stenderup    ";Sydjylland;0;55.46205300000000;9.61423900000000
6093;"Sjølund             ";Sydjylland;0;55.40308800000000;9.52873500000000
6094;"Hejls               ";Sydjylland;0;55.38239400000000;9.57801800000000
6099;"TERMINAL            ";Sydjylland;0;55.57035000000000;9.74659000000000
6100;"Haderslev           ";Sydjylland;0;55.25001900000000;9.48909200000000
6199;"TERMINAL            ";Sydjylland;0;55.25001900000000;9.48909200000000
6200;"Aabenraa            ";Sydjylland;0;55.04078500000000;9.41519600000000
6210;"Barsø               ";Øer;1;55.11666620000000;9.56666440000000
6230;"Rødekro             ";Sydjylland;0;55.07252400000000;9.32901000000000
6240;"Løgumkloster        ";Sydjylland;0;55.05853100000000;8.95342300000000
6261;"Bredebro            ";Sydjylland;0;55.05529500000000;8.82538600000000
6270;"Tønder              ";Sydjylland;0;54.93952000000000;8.86390100000000
6280;"Højer               ";Sydjylland;0;54.96551100000000;8.69500400000000
6300;"Gråsten             ";Sydjylland;0;54.91864300000000;9.58228300000000
6310;"Broager             ";Sydjylland;0;54.89036200000000;9.66989000000000
6320;"Egernsund           ";Sydjylland;0;54.90627900000000;9.61058600000000
6330;"Padborg             ";Sydjylland;0;54.83313100000000;9.35686400000000
6339;"TERMINAL            ";Sydjylland;0;54.83313100000000;9.35686400000000
6340;"Kruså               ";Sydjylland;0;54.84871200000000;9.40161200000000
6360;"Tinglev             ";Sydjylland;0;54.93452100000000;9.25013200000000
6372;"Bylderup-Bov        ";Sydjylland;0;54.94419000000000;9.09106700000000
6392;"Bolderslev          ";Sydjylland;0;54.98996300000000;9.28298100000000
6400;"Sønderborg          ";Sydjylland;0;54.91375900000000;9.79221100000000
6430;"Nordborg            ";Sydjylland;0;55.05565600000000;9.75077300000000
6440;"Augustenborg        ";Sydjylland;0;54.95048100000000;9.87693000000000
6470;"Sydals              ";Sydjylland;0;54.89727100000000;9.96895000000000
6500;"Vojens              ";Sydjylland;0;55.24950700000000;9.30211500000000
6510;"Gram                ";Sydjylland;0;55.28956000000000;9.04958000000000
6520;"Toftlund            ";Sydjylland;0;55.18840600000000;9.06860600000000
6534;"Agerskov            ";Sydjylland;0;55.12915800000000;9.12892000000000
6535;"Branderup J.        ";Sydjylland;0;55.12077900000000;9.06758800000000
6541;"Bevtoft             ";Sydjylland;0;55.19838100000000;9.20873200000000
6560;"Sommersted          ";Sydjylland;0;55.31844800000000;9.29528000000000
6580;"Vamdrup             ";Sydjylland;0;55.42991500000000;9.28732000000000
6600;"Vejen               ";Sydjylland;0;55.47931600000000;9.13778400000000
6621;"Gesten              ";Sydjylland;0;55.52497200000000;9.20956900000000
6622;"Bække               ";Sydjylland;0;55.57032600000000;9.13872000000000
6623;"Vorbasse            ";Sydjylland;0;55.63008200000000;9.08123000000000
6630;"Rødding             ";Sydjylland;0;55.36678100000000;9.05849000000000
6640;"Lunderskov          ";Sydjylland;0;55.48115200000000;9.29886000000000
6650;"Brørup              ";Sydjylland;0;55.48284000000000;9.01818200000000
6660;"Lintrup             ";Sydjylland;0;55.40997800000000;8.96994500000000
6670;"Holsted             ";Sydjylland;0;55.50879700000000;8.91570100000000
6682;"Hovborg             ";Sydjylland;0;55.60544500000000;8.93967000000000
6683;"Føvling             ";Sydjylland;0;55.45065200000000;8.93792400000000
6690;"Gørding             ";Sydjylland;0;55.47281900000000;8.79943200000000
6700;"Esbjerg             ";Sydjylland;0;55.48229800000000;8.44306800000000
6701;"Esbjerg (Postbox)   ";Sydjylland;0;55.46409600000000;8.45615800000000
6705;"Esbjerg Ø           ";Sydjylland;0;55.49613700000000;8.50265200000000
6710;"Esbjerg V           ";Sydjylland;0;55.54961100000000;8.37310000000000
6715;"Esbjerg N           ";Sydjylland;0;55.53879100000000;8.51776800000000
6720;"Fanø                ";Øer;1;55.41308100000000;8.41192200000000
6731;"Tjæreborg           ";Sydjylland;0;55.46354000000000;8.58243400000000
6740;"Bramming            ";Sydjylland;0;55.46941900000000;8.70160700000000
6752;"Glejbjerg           ";Sydjylland;0;55.55712700000000;8.82439900000000
6753;"Agerbæk             ";Sydjylland;0;55.60198000000000;8.79996200000000
6760;"Ribe                ";Sydjylland;0;55.32691900000000;8.77483500000000
6771;"Gredstedbro         ";Sydjylland;0;55.39912000000000;8.74167000000000
6780;"Skærbæk             ";Sydjylland;0;55.15676300000000;8.76847000000000
6792;"Rømø                ";Sydjylland;0;55.13694800000000;8.51368500000000
6799;"TERMINAL            ";Sydjylland;0;55.53879100000000;8.51776800000000
6800;"Varde               ";Sydjylland;0;55.62308300000000;8.48208600000000
6818;"Årre                ";Sydjylland;0;55.57168800000000;8.66461900000000
6823;"Ansager             ";Sydjylland;0;55.70343000000000;8.75484300000000
6830;"Nørre-Nebel         ";Sydjylland;0;55.77899900000000;8.29102700000000
6840;"Oksbøl              ";Sydjylland;0;55.62815100000000;8.27993100000000
6851;"Janderup Vest       ";Sydjylland;0;55.62492100000000;8.37135800000000
6852;"Billum              ";Sydjylland;0;55.61571100000000;8.33072100000000
6853;"Vejers Strand       ";Sydjylland;0;55.62092100000000;8.13331300000000
6854;"Henne               ";Sydjylland;0;55.73373900000000;8.21665200000000
6855;"Ovtrup              ";Sydjylland;0;55.72009800000000;8.34298900000000
6857;"Blåvand             ";Sydjylland;0;55.55507200000000;8.15071300000000
6862;"Tistrup             ";Sydjylland;0;55.71803100000000;8.60525100000000
6870;"Ølgod               ";Sydjylland;0;55.80746500000000;8.61807300000000
6880;"Tarm                ";Sydjylland;0;55.90654900000000;8.52034800000000
6893;"Hemmet              ";Sydjylland;0;55.84942100000000;8.37231100000000
6900;"Skjern              ";Sydjylland;0;55.94399200000000;8.50076800000000
6920;"Videbæk             ";Sydjylland;0;56.08963300000000;8.62661800000000
6933;"Kibæk               ";Sydjylland;0;56.03501500000000;8.85477700000000
6940;"Lem St              ";Sydjylland;0;56.02946900000000;8.38775000000000
6950;"Ringkøbing          ";Sydjylland;0;56.08826800000000;8.25837100000000
6960;"Hvide Sande         ";Sydjylland;0;56.01160900000000;8.12794500000000
6971;"Spjald              ";Sydjylland;0;56.12708900000000;8.50659600000000
6973;"Ørnhøj              ";Sydjylland;0;56.19964600000000;8.56524600000000
6980;"Tim                 ";Sydjylland;0;56.19570200000000;8.30624900000000
6990;"Ulfborg             ";Sydjylland;0;56.27363900000000;8.31825200000000
6999;"TERMINAL            ";Sydjylland;0;55.94399200000000;8.50076800000000
7000;"Fredericia          ";Midt/Vestjylland;0;55.57035000000000;9.74659000000000
7007;"Fredericia (P&T)    ";Midt/Vestjylland;0;55.54273900000000;9.70250000000000
7080;"Børkop              ";Midt/Vestjylland;0;55.64025900000000;9.65144100000000
7099;"TERMINAL            ";Midt/Vestjylland;0;55.57035000000000;9.74659000000000
7100;"Vejle               ";Midt/Vestjylland;0;55.72337600000000;9.51636300000000
7120;"Vejle Øst           ";Midt/Vestjylland;0;55.73093900000000;9.62542900000000
7130;"Juelsminde          ";Midt/Vestjylland;0;55.70881100000000;9.99883000000000
7140;"Stouby              ";Midt/Vestjylland;0;55.70201700000000;9.79061500000000
7150;"Barrit              ";Midt/Vestjylland;0;55.71377300000000;9.88467200000000
7160;"Tørring             ";Midt/Vestjylland;0;55.85366200000000;9.48492100000000
7171;"Uldum               ";Midt/Vestjylland;0;55.84775400000000;9.58947600000000
7173;"Vonge               ";Midt/Vestjylland;0;55.86073100000000;9.42020800000000
7182;"Bredsten            ";Midt/Vestjylland;0;55.70267900000000;9.38359000000000
7183;"Randbøl             ";Midt/Vestjylland;0;55.69394100000000;9.24760000000000
7184;"Vandel              ";Midt/Vestjylland;0;55.70793000000000;9.21685700000000
7190;"Billund             ";Midt/Vestjylland;0;55.73741700000000;9.15174100000000
7199;"TERMINAL            ";Midt/Vestjylland;0;55.57035000000000;9.74659000000000
7200;"Grindsted           ";Midt/Vestjylland;0;55.75800700000000;8.92485800000000
7250;"Hejnsvig            ";Midt/Vestjylland;0;55.69479300000000;8.99812900000000
7260;"Sønder-Omme         ";Midt/Vestjylland;0;55.83857800000000;8.89284000000000
7270;"Stakroge            ";Midt/Vestjylland;0;55.88965400000000;8.85048600000000
7280;"Sønder-Felding      ";Midt/Vestjylland;0;55.94178900000000;8.78315500000000
7300;"Jelling             ";Midt/Vestjylland;0;55.75328700000000;9.41685600000000
7321;"Gadbjerg            ";Midt/Vestjylland;0;55.77105900000000;9.32363200000000
7323;"Give                ";Midt/Vestjylland;0;55.84439100000000;9.23714200000000
7330;"Brande              ";Midt/Vestjylland;0;55.94250100000000;9.12912900000000
7361;"Ejstrupholm         ";Midt/Vestjylland;0;55.98553600000000;9.29036900000000
7362;"Hampen              ";Midt/Vestjylland;0;56.01806300000000;9.35582400000000
7400;"Herning             ";Midt/Vestjylland;0;56.13856000000000;8.96756900000000
7401;"Herning (P&T)       ";Midt/Vestjylland;0;NULL;NULL
7430;"Ikast               ";Midt/Vestjylland;0;56.13628000000000;9.15463100000000
7441;"Bording             ";Midt/Vestjylland;0;56.14440100000000;9.27705300000000
7442;"Engesvang           ";Midt/Vestjylland;0;56.17016300000000;9.34918000000000
7451;"Sunds               ";Midt/Vestjylland;0;56.20495800000000;9.01475100000000
7470;"Karup J             ";Midt/Vestjylland;0;56.33789100000000;9.15833300000000
7480;"Vildbjerg           ";Midt/Vestjylland;0;56.19548300000000;8.76607200000000
7490;"Avlum               ";Midt/Vestjylland;0;56.26661900000000;8.80031200000000
7499;"TERMINAL            ";Midt/Vestjylland;0;56.13856000000000;8.96756900000000
7500;"Holstebro           ";Midt/Vestjylland;0;56.36153200000000;8.62195000000000
7540;"Haderup             ";Midt/Vestjylland;0;56.38876500000000;8.99582200000000
7550;"Sørvad              ";Midt/Vestjylland;0;56.26190400000000;8.65411600000000
7560;"Hjerm               ";Midt/Vestjylland;0;56.43730700000000;8.63662800000000
7570;"Vemb                ";Midt/Vestjylland;0;56.34384100000000;8.34038900000000
7599;"TERMINAL            ";Midt/Vestjylland;0;56.36153200000000;8.62195000000000
7600;"Struer              ";Midt/Vestjylland;0;56.48529900000000;8.58790200000000
7620;"Lemvig              ";Midt/Vestjylland;0;56.54694200000000;8.30277800000000
7650;"Bøvlingbjerg        ";Midt/Vestjylland;0;56.43484200000000;8.20251800000000
7660;"Bækmarksbro         ";Midt/Vestjylland;0;56.41703000000000;8.30735800000000
7673;"Harboør             ";Midt/Vestjylland;0;56.61610000000000;8.18169200000000
7680;"Thyborøn Havn       ";Midt/Vestjylland;0;56.70586400000000;8.22071800000000
7700;"Thisted             ";Midt/Vestjylland;0;56.95913900000000;8.70239000000000
7730;"Hanstholm           ";Midt/Vestjylland;0;57.11293100000000;8.61768200000000
7741;"Frøstrup            ";Midt/Vestjylland;0;57.08671900000000;8.99353000000000
7742;"Vesløs              ";Midt/Vestjylland;0;57.03615000000000;8.97159300000000
7752;"Snedsted            ";Midt/Vestjylland;0;56.89266800000000;8.52551900000000
7755;"Bedsted Thy         ";Midt/Vestjylland;0;56.80930400000000;8.40601900000000
7760;"Hurup Thy           ";Midt/Vestjylland;0;56.75162600000000;8.41954200000000
7770;"Vestervig           ";Midt/Vestjylland;0;56.76260200000000;8.31786300000000
7790;"Thyholm             ";Midt/Vestjylland;0;56.63375300000000;8.53305600000000
7799;"TERMINAL            ";Midt/Vestjylland;0;56.95913900000000;8.70239000000000
7800;"Skive               ";Midt/Vestjylland;0;56.56365100000000;9.03215700000000
7830;"Vinderup            ";Midt/Vestjylland;0;56.47877600000000;8.78038700000000
7840;"Højslev             ";Midt/Vestjylland;0;56.58260000000000;9.13542600000000
7850;"Stoholm Jyll        ";Midt/Vestjylland;0;56.47769300000000;9.11545000000000
7860;"Spøttrup            ";Midt/Vestjylland;0;56.63908200000000;8.78470800000000
7870;"Roslev              ";Midt/Vestjylland;0;56.70277300000000;8.98503000000000
7884;"Fur                 ";Øer;1;56.82615500000000;9.01861000000000
7899;"TERMINAL            ";Midt/Vestjylland;0;56.56365100000000;9.03215700000000
7900;"Nykøbing Mors       ";Midt/Vestjylland;0;56.79552900000000;8.85737800000000
7950;"Erslev              ";Midt/Vestjylland;0;56.82961600000000;8.75075500000000
7960;"Karby               ";Midt/Vestjylland;0;56.75329500000000;8.56025300000000
7970;"Redsted M           ";Midt/Vestjylland;0;56.74481500000000;8.65419000000000
7980;"Vils                ";Midt/Vestjylland;0;56.76131600000000;8.72744400000000
7990;"Øster-Assels        ";Midt/Vestjylland;0;56.70161700000000;8.69521700000000
8000;"Aarhus C            ";Østjylland;0;56.14634100000000;10.20270500000000
8011;"Århus C (P&T)       ";Østjylland;0;NULL;NULL
8099;"TERMINAL            ";Østjylland;0;56.15314100000000;10.10647900000000
8100;"Aarhus C            ";Østjylland;0;56.15277400000000;10.20307200000000
8200;"Aarhus N            ";Østjylland;0;56.19978900000000;10.16610900000000
8210;"Aarhus V            ";Østjylland;0;56.17248200000000;10.16326600000000
8220;"Brabrand            ";Østjylland;0;56.15314100000000;10.10647900000000
8230;"Aabyhøj             ";Østjylland;0;56.15654100000000;10.16901100000000
8240;"Risskov             ";Østjylland;0;56.18834100000000;10.22657200000000
8245;"Risskov Ø (P&T)     ";Østjylland;0;56.20692400000000;10.22952600000000
8250;"Egå                 ";Østjylland;0;56.21757200000000;10.26656300000000
8260;"Viby J.             ";Østjylland;0;56.12065900000000;10.14640000000000
8270;"Højbjerg            ";Østjylland;0;56.11749900000000;10.20569800000000
8299;"TERMINAL WA         ";Østjylland;0;56.15314100000000;10.10647900000000
8300;"Odder               ";Østjylland;0;55.97564700000000;10.15031100000000
8305;"Samsø               ";Øer;1;55.81540900000000;10.58873300000000
8310;"Tranbjerg J.        ";Østjylland;0;56.08450200000000;10.12898100000000
8320;"Mårslet             ";Østjylland;0;56.06923000000000;10.16121100000000
8330;"Beder               ";Østjylland;0;56.06112300000000;10.21244300000000
8340;"Malling             ";Østjylland;0;56.03795600000000;10.19806000000000
8350;"Hundslund           ";Østjylland;0;55.91514800000000;10.05326300000000
8355;"Solbjerg            ";Østjylland;0;56.03381900000000;10.09668200000000
8361;"Hasselager          ";Østjylland;0;56.10963900000000;10.08237300000000
8362;"Hørning             ";Østjylland;0;56.08772100000000;10.03788300000000
8370;"Hadsten             ";Østjylland;0;56.32974200000000;10.04768700000000
8380;"Trige               ";Østjylland;0;56.26607600000000;10.15960800000000
8381;"Tilst               ";Østjylland;0;56.18432900000000;10.11244800000000
8382;"Hinnerup            ";Østjylland;0;56.26522300000000;10.06342100000000
8400;"Ebeltoft            ";Østjylland;0;56.19632900000000;10.67768100000000
8410;"Rønde               ";Østjylland;0;56.30041900000000;10.47627800000000
8420;"Knebel              ";Østjylland;0;56.21285100000000;10.48471200000000
8444;"Balle               ";Østjylland;0;56.31673900000000;10.80799900000000
8450;"Hammel              ";Østjylland;0;56.25642100000000;9.86510000000000
8462;"Harlev J.           ";Østjylland;0;56.14059400000000;10.00427300000000
8464;"Galten              ";Østjylland;0;56.15419800000000;9.90705700000000
8471;"Sabro               ";Østjylland;0;56.21222900000000;10.03099000000000
8472;"Sporup              ";Østjylland;0;56.22402000000000;9.82289900000000
8500;"Grenå               ";Østjylland;0;56.41148900000000;10.89493500000000
8520;"Lystrup             ";Østjylland;0;56.23187900000000;10.23034200000000
8530;"Hjortshøj           ";Østjylland;0;56.30934900000000;10.20938200000000
8541;"Skødstrup           ";Østjylland;0;56.25993000000000;10.30030000000000
8543;"Hornslet            ";Østjylland;0;56.31556700000000;10.31729200000000
8544;"Mørke               ";Østjylland;0;56.33571300000000;10.37768100000000
8550;"Ryomgård            ";Østjylland;0;56.38363200000000;10.50154000000000
8560;"Kolind              ";Østjylland;0;56.36005400000000;10.58320800000000
8570;"Trustrup            ";Østjylland;0;56.34712100000000;10.76781100000000
8581;"Nimtofte            ";Østjylland;0;56.40854000000000;10.56812900000000
8585;"Glesborg            ";Østjylland;0;56.47773000000000;10.72290300000000
8586;"Ørum Djurs          ";Østjylland;0;56.44177800000000;10.67908100000000
8592;"Anholt              ";Øer;1;56.70185900000000;11.54911400000000
8600;"Silkeborg           ";Østjylland;0;56.17781100000000;9.54862100000000
8620;"Kjellerup           ";Østjylland;0;56.28446100000000;9.43552100000000
8632;"Lemming             ";Østjylland;0;56.23972700000000;9.54666600000000
8641;"Sorring             ";Østjylland;0;56.17731200000000;9.77628200000000
8643;"Ans By              ";Østjylland;0;56.30730600000000;9.58775600000000
8653;"Them                ";Østjylland;0;56.09220600000000;9.54857100000000
8654;"Bryrup              ";Østjylland;0;56.02295300000000;9.52229000000000
8660;"Skanderborg         ";Østjylland;0;56.03689500000000;9.92971200000000
8670;"Låsby               ";Østjylland;0;56.15165900000000;9.80864500000000
8680;"Ry                  ";Østjylland;0;56.08935000000000;9.76696600000000
8699;"TERMINAL            ";Østjylland;0;56.17781100000000;9.54862100000000
8700;"Horsens             ";Østjylland;0;55.86065600000000;9.84071700000000
8721;"Daugård             ";Østjylland;0;55.73406100000000;9.70880300000000
8722;"Hedensted           ";Østjylland;0;55.77205900000000;9.70209500000000
8723;"Løsning             ";Østjylland;0;55.79756200000000;9.69609800000000
8732;"Hovedgård           ";Østjylland;0;55.94467900000000;9.96085400000000
8740;"Brædstrup           ";Østjylland;0;55.97154900000000;9.61117000000000
8751;"Gedved              ";Østjylland;0;55.93106700000000;9.84557100000000
8752;"Østbirk             ";Østjylland;0;55.96786500000000;9.75183000000000
8762;"Flemming            ";Østjylland;0;55.87062800000000;9.66345900000000
8763;"Rask Mølle          ";Østjylland;0;55.87206200000000;9.61216000000000
8765;"Klovborg            ";Østjylland;0;55.93167200000000;9.49290700000000
8766;"Nørre-Snede         ";Østjylland;0;55.96499700000000;9.39275600000000
8781;"Stenderup           ";Østjylland;0;55.79170200000000;9.80934800000000
8783;"Hornsyld            ";Østjylland;0;55.75557200000000;9.85596700000000
8789;"Endelave            ";Øer;1;NULL;NULL
8799;"Tunø                ";Øer;1;NULL;NULL
8800;"Viborg              ";Østjylland;0;56.45197900000000;9.39634400000000
8830;"Tjele               ";Østjylland;0;56.51135900000000;9.61161500000000
8831;"Løgstrup            ";Østjylland;0;56.50998200000000;9.33376500000000
8832;"Skals               ";Østjylland;0;56.55740800000000;9.40217300000000
8840;"Rødkærsbro          ";Østjylland;0;56.35077900000000;9.50204800000000
8850;"Bjerringbro         ";Østjylland;0;56.37744900000000;9.65579200000000
8860;"Ulstrup             ";Østjylland;0;56.38877500000000;9.79186500000000
8870;"Langå               ";Østjylland;0;56.39119100000000;9.89484100000000
8881;"Thorsø              ";Østjylland;0;56.30080800000000;9.78899700000000
8882;"Fårvang             ";Østjylland;0;56.26690400000000;9.72725200000000
8883;"Gjern               ";Østjylland;0;56.22998600000000;9.73754600000000
8899;"TERMINAL            ";Østjylland;0;56.45197900000000;9.39634400000000
8900;"Randers C           ";Østjylland;0;56.46370800000000;10.03418100000000
8920;"Randers NV          ";Østjylland;0;56.47903900000000;9.87306100000000
8930;"Randers NØ          ";Østjylland;0;56.49240200000000;10.14565900000000
8940;"Randers SV          ";Østjylland;0;56.41546300000000;10.01807800000000
8950;"Ørsted              ";Østjylland;0;56.50190800000000;10.33559200000000
8960;"Randers SØ          ";Østjylland;0;56.43648900000000;10.17545000000000
8961;"Allingåbro          ";Østjylland;0;56.46455900000000;10.33418900000000
8963;"Auning              ";Østjylland;0;56.43040300000000;10.37652300000000
8970;"Havndal             ";Østjylland;0;56.65218500000000;10.19656500000000
8981;"Spentrup            ";Østjylland;0;56.53738900000000;10.03780000000000
8983;"Gjerlev J.          ";Østjylland;0;56.58077000000000;10.09560900000000
8990;"Fårup               ";Østjylland;0;56.54325100000000;9.85053800000000
8999;"TERMINAL            ";Østjylland;0;56.41546300000000;10.01807800000000
9000;"Aalborg             ";Nordjylland;0;57.03845700000000;9.88889200000000
9020;"Aalborg (P&T)       ";Nordjylland;0;57.03876300000000;9.91524200000000
9099;"TERMINAL            ";Nordjylland;0;57.03712600000000;10.01658400000000
9100;"Aalborg             ";Nordjylland;0;57.03845700000000;9.88889200000000
9200;"Aalborg SV          ";Nordjylland;0;57.01062800000000;9.88675600000000
9210;"Aalborg SØ          ";Nordjylland;0;56.99886200000000;9.92519800000000
9220;"Aalborg Øst         ";Nordjylland;0;57.03712600000000;10.01658400000000
9230;"Svenstrup           ";Nordjylland;0;56.97220100000000;9.84760800000000
9240;"Nibe                ";Nordjylland;0;56.98267200000000;9.63983200000000
9260;"Gistrup             ";Nordjylland;0;56.99574200000000;9.99239600000000
9270;"Klarup              ";Nordjylland;0;57.01115200000000;10.05434100000000
9280;"Storvorde           ";Nordjylland;0;57.00273600000000;10.10065900000000
9293;"Kongerslev          ";Nordjylland;0;56.88737900000000;10.11288300000000
9300;"Sæby                ";Nordjylland;0;57.33099300000000;10.51691900000000
9310;"Vodskov             ";Nordjylland;0;57.10851200000000;10.02647200000000
9320;"Hjallerup           ";Nordjylland;0;57.16631200000000;10.14761200000000
9330;"Dronninglund        ";Nordjylland;0;57.15856400000000;10.28941800000000
9340;"Aså                 ";Nordjylland;0;57.14867900000000;10.40470200000000
9352;"Dybvad              ";Nordjylland;0;57.27548900000000;10.36070300000000
9362;"Gandrup             ";Nordjylland;0;57.05793600000000;10.17764100000000
9370;"Hals                ";Nordjylland;0;56.99665200000000;10.30845900000000
9380;"Vestbjerg           ";Nordjylland;0;57.13037100000000;9.96383800000000
9381;"Sulsted             ";Nordjylland;0;57.15764900000000;9.96225000000000
9382;"Tylstrup            ";Nordjylland;0;57.19551100000000;9.95036200000000
9400;"Nørresundby         ";Nordjylland;0;57.05936200000000;9.93562100000000
9430;"Vadum               ";Nordjylland;0;57.11756800000000;9.85762300000000
9440;"Åbybro              ";Nordjylland;0;57.16013400000000;9.73475800000000
9460;"Brovst              ";Nordjylland;0;57.09644100000000;9.52243200000000
9480;"Løkken              ";Nordjylland;0;57.37053000000000;9.71754500000000
9490;"Pandrup             ";Nordjylland;0;57.21591200000000;9.67199200000000
9492;"Blokhus             ";Nordjylland;0;57.25148000000000;9.58396500000000
9493;"Saltum              ";Nordjylland;0;57.27172900000000;9.69769700000000
9500;"Hobro               ";Nordjylland;0;56.63798800000000;9.79097400000000
9510;"Arden               ";Nordjylland;0;56.76900100000000;9.85682100000000
9520;"Skørping            ";Nordjylland;0;56.83821900000000;9.89192800000000
9530;"Støvring            ";Nordjylland;0;56.88798400000000;9.83004100000000
9541;"Suldrup             ";Nordjylland;0;56.84956300000000;9.70038700000000
9550;"Mariager            ";Nordjylland;0;56.64994800000000;9.97774500000000
9560;"Hadsund             ";Nordjylland;0;56.72125900000000;10.11245900000000
9574;"Bælum               ";Nordjylland;0;56.83082900000000;10.11769400000000
9575;"Terndrup            ";Nordjylland;0;56.81342100000000;10.06062000000000
9599;"TERMINAL            ";Nordjylland;0;56.41546300000000;10.01807800000000
9600;"Års                 ";Nordjylland;0;56.80456800000000;9.51018500000000
9610;"Nørager             ";Nordjylland;0;56.70695200000000;9.63026100000000
9620;"Ålestrup            ";Nordjylland;0;56.69443900000000;9.49072800000000
9631;"Gedsted             ";Nordjylland;0;56.68982600000000;9.33566200000000
9632;"Møldrup             ";Nordjylland;0;56.61718100000000;9.49977800000000
9640;"Farsø               ";Nordjylland;0;56.77032900000000;9.33813900000000
9670;"Løgstør             ";Nordjylland;0;56.96347400000000;9.25704600000000
9681;"Ranum               ";Nordjylland;0;56.89681500000000;9.22773400000000
9690;"Fjerritslev         ";Nordjylland;0;57.08859100000000;9.26365500000000
9700;"Brønderslev         ";Nordjylland;0;57.27089200000000;9.94480000000000
9740;"Jerslev J           ";Nordjylland;0;57.29367800000000;10.12311700000000
9750;"Øster-Vrå           ";Nordjylland;0;57.34125100000000;10.23727300000000
9760;"Vrå                 ";Nordjylland;0;57.35300700000000;9.93967100000000
9800;"Hjørring            ";Nordjylland;0;57.45612800000000;9.99563300000000
9830;"Tårs                ";Nordjylland;0;57.38483400000000;10.11396100000000
9850;"Hirtshals           ";Nordjylland;0;57.58695000000000;9.96683800000000
9870;"Sindal              ";Nordjylland;0;57.47575600000000;10.19725700000000
9881;"Bindslev            ";Nordjylland;0;57.54169800000000;10.19928200000000
9899;"TERMINAL            ";Nordjylland;0;57.03712600000000;10.01658400000000
9900;"Frederikshavn       ";Nordjylland;0;57.44266900000000;10.52098000000000
9940;"Læsø                ";Øer;1;57.26914300000000;11.03383000000000
9970;"Strandby            ";Nordjylland;0;57.49403000000000;10.49469000000000
9981;"Jerup               ";Nordjylland;0;57.53311800000000;10.41839400000000
9982;"Ålbæk               ";Nordjylland;0;57.59401200000000;10.41280200000000
9990;"Skagen              ";Nordjylland;0;57.72495000000000;10.57918400000000
9999;"TERMINAL            ";Nordjylland;0;57.03712600000000;10.01658400000000
